{
    "counter": {
        "ACTIVE": 18814,
        "INACTIVE": 2186,
        "INVALID": 0,
        "MALICIOUS": 0,
        "SANE": 0,
        "VALID": 0,
        "total": 21000
    },
    "percentage": {
        "ACTIVE": 89.5904761904762,
        "INACTIVE": 10.417957394080922,
        "INVALID": 0,
        "MALICIOUS": 0,
        "SANE": 0,
        "VALID": 0,
        "total": 100.00843358455711
    }
}