{
    "counter": {
        "ACTIVE": 16153,
        "INACTIVE": 4846,
        "INVALID": 1,
        "MALICIOUS": 0,
        "SANE": 0,
        "VALID": 0,
        "total": 21000
    },
    "percentage": {
        "ACTIVE": 76.91904761904762,
        "INACTIVE": 23.090484585695908,
        "INVALID": 0.00962278675904542,
        "MALICIOUS": 0,
        "SANE": 0,
        "VALID": 0,
        "total": 100.01915499150256
    }
}