{
    "counter": {
        "ACTIVE": 18861,
        "INACTIVE": 2139,
        "INVALID": 0,
        "MALICIOUS": 0,
        "SANE": 0,
        "VALID": 0,
        "total": 21000
    },
    "percentage": {
        "ACTIVE": 89.81428571428572,
        "INACTIVE": 10.19008146348435,
        "INVALID": 0,
        "MALICIOUS": 0,
        "SANE": 0,
        "VALID": 0,
        "total": 100.00436717777006
    }
}