{
    "counter": {
        "ACTIVE": 18521,
        "INACTIVE": 2479,
        "INVALID": 0,
        "MALICIOUS": 0,
        "SANE": 0,
        "VALID": 0,
        "total": 21000
    },
    "percentage": {
        "ACTIVE": 88.1952380952381,
        "INACTIVE": 11.81432588285755,
        "INVALID": 0,
        "MALICIOUS": 0,
        "SANE": 0,
        "VALID": 0,
        "total": 100.00956397809564
    }
}