{
    "counter": {
        "ACTIVE": 18050,
        "INACTIVE": 2948,
        "INVALID": 2,
        "MALICIOUS": 0,
        "SANE": 0,
        "VALID": 0,
        "total": 21000
    },
    "percentage": {
        "ACTIVE": 85.95238095238095,
        "INACTIVE": 14.043445121951219,
        "INVALID": 0.018527095877721167,
        "MALICIOUS": 0,
        "SANE": 0,
        "VALID": 0,
        "total": 100.01435317020989
    }
}