{
    "counter": {
        "ACTIVE": 19313,
        "INACTIVE": 1687,
        "INVALID": 0,
        "MALICIOUS": 0,
        "SANE": 0,
        "VALID": 0,
        "total": 21000
    },
    "percentage": {
        "ACTIVE": 91.96666666666667,
        "INACTIVE": 8.036777666619027,
        "INVALID": 0,
        "MALICIOUS": 0,
        "SANE": 0,
        "VALID": 0,
        "total": 100.0034443332857
    }
}