{
    "counter": {
        "ACTIVE": 17037,
        "INACTIVE": 3963,
        "INVALID": 0,
        "MALICIOUS": 0,
        "SANE": 0,
        "VALID": 0,
        "total": 21000
    },
    "percentage": {
        "ACTIVE": 81.12857142857143,
        "INACTIVE": 18.87142857142857,
        "INVALID": 0.0,
        "MALICIOUS": 0.0,
        "SANE": 0.0,
        "VALID": 0.0,
        "total": 100.0
    }
}