{
    "counter": {
        "ACTIVE": 16070,
        "INACTIVE": 4929,
        "INVALID": 1,
        "MALICIOUS": 0,
        "SANE": 0,
        "VALID": 0,
        "total": 21000
    },
    "percentage": {
        "ACTIVE": 76.52380952380952,
        "INACTIVE": 23.478136610460133,
        "INVALID": 0.0056325335135744056,
        "MALICIOUS": 0,
        "SANE": 0,
        "VALID": 0,
        "total": 100.00757866778322
    }
}