{
    "counter": {
        "ACTIVE": 19758,
        "INACTIVE": 1242,
        "INVALID": 0,
        "MALICIOUS": 0,
        "SANE": 0,
        "VALID": 0,
        "total": 21000
    },
    "percentage": {
        "ACTIVE": 94.08571428571429,
        "INACTIVE": 5.938321778627779,
        "INVALID": 0,
        "MALICIOUS": 0,
        "SANE": 0,
        "VALID": 0,
        "total": 100.02403606434207
    }
}