{
    "counter": {
        "ACTIVE": 19050,
        "INACTIVE": 1950,
        "INVALID": 0,
        "MALICIOUS": 0,
        "SANE": 0,
        "VALID": 0,
        "total": 21000
    },
    "percentage": {
        "ACTIVE": 90.71428571428571,
        "INACTIVE": 9.289695583821638,
        "INVALID": 0,
        "MALICIOUS": 0,
        "SANE": 0,
        "VALID": 0,
        "total": 100.00398129810735
    }
}