{
    "counter": {
        "ACTIVE": 18564,
        "INACTIVE": 2436,
        "INVALID": 0,
        "MALICIOUS": 0,
        "SANE": 0,
        "VALID": 0,
        "total": 21000
    },
    "percentage": {
        "ACTIVE": 88.4,
        "INACTIVE": 11.604973560097184,
        "INVALID": 0,
        "MALICIOUS": 0,
        "SANE": 0,
        "VALID": 0,
        "total": 100.00497356009718
    }
}